"original_filename","build_id","sha256","non_air_blocks","dimensions_x_y_z","fits_one_take"
"Aether Cliff Outpost [tier 1].litematic","Aether_Cliff_Outpost_tier_1_","ff6569c17473169e9eb2794b410e9707caa17f0559e5dd4659fb71a33d350b48","3388","27x27x26","true"
"Aether Lighthouse Vol.1.litematic","Aether_Lighthouse_Vol.1","9e5bcc2aa89870f11ab3f511fffd65d80dd733741063478ee8346974bc371379","4169","14x68x30","true"
"Brackenhollow House [TIER 1].litematic","Brackenhollow_House_TIER_1_","07c19506c959bd6e07836ac78ca76de94fdc4fb4d458fa81e57f7d0324e84fc0","3604","43x22x27","true"
"Briarwood House [TIER 2].litematic","Briarwood_House_TIER_2_","d0b66b5c731bbd992672e1b823f20f96db9a04f776deb2b17e38009323ccdccb","12944","71x36x51","true"
"Classic European Windmill [TIER 1].litematic","Classic_European_Windmill_TIER_1_","86b0ff7e5f42a7794d4a3231723b884c12d14a11caae90e487c745c21e255b28","2460","17x44x33","true"
"Clock Tower Vol.1.litematic","Clock_Tower_Vol.1","48bbf9ab411618d2cf27985250c1643b5a37a9932d8c56c806864b395d3bc221","3000","17x66x17","true"
"Dragon's Gate [TIER 1].litematic","Dragon_s_Gate_TIER_1_","063a4cc3c4f427d45c3a45e8b8bd20382619814a3bc7255b30699bd882f75fe3","796","23x17x13","true"
"Enchanting Tower [TIER 1].litematic","Enchanting_Tower_TIER_1_","b019debc2378eae6f9d8fa61838b0e1faa369b9876407326cdfc82b70f5d527a","1822","11x42x21","true"
"enchanting tower.litematic","enchanting_tower","2ec08a162ab4a7cd6824f6fe1205c04e295c4f6c1473e56e5be1876b6d7859c6","1806","21x42x11","true"
"Farmer House [TIER 1].litematic","Farmer_House_TIER_1_","5c245acbe52d1cb31ae275910fb809b813366925ce5ede9055535843dd5c825c","1536","23x19x17","true"
"Fisherman's Refuge [TIER 1].litematic","Fisherman_s_Refuge_TIER_1_","bf0cb186f39fdd0e2e001bd4c5bb5a3d7b67694d04bea121c7155a014424ddd1","4820","33x41x52","true"
"Fountain Pack 10+.litematic","Fountain_Pack_10+","901a962ca725361a89999d68425aafde12292e9ed9a82808bf953ba7138a6ff9","12537","61x32x113","true"
"Frostwood Mill [TIER 1].litematic","Frostwood_Mill_TIER_1_","ffc82e77d950168cef429be70c3ead0c45d3cd7136e3f0598672cfcc715ed294","1916","16x20x26","true"
"Grand Ocean Liner.litematic","Grand_Ocean_Liner","0a7ec09b9cd99d5bf55e811cdb7272b092986bb7f761b6c25ba7ca12d510c6d8","17963","25x77x102","true"
"Green House Vol.1 [TIER 1].litematic","Green_House_Vol.1_TIER_1_","bf94d95da57699d40a510f02f9e9320383b70dd9a7f5f45a81224dc3c1286e94","3468","34x26x39","true"
"Green House Vol.2 [TIER 1].litematic","Green_House_Vol.2_TIER_1_","7a58c153ffbc684317954f9fa9ff1412972f04d19a3bcd0e4d40adbd2043cee1","2824","31x34x31","true"
"Grimwood Hamlet.litematic","Grimwood_Hamlet","6ddc0e39578816ac9eb9ffabbeeb3a58d66d77969c4ecd5b9ec7f841b812f162","16070","60x36x67","true"
"Ivory Cottage.litematic","Ivory_Cottage","02e3f77bfbb15e3796de065ab57fc34fa373d4a6d617899a38ea523750d74ebb","1291","13x17x18","true"
"Jorven Tower [TIER 2].litematic","Jorven_Tower_TIER_2_","b987431fcfc7a9467e68bcc1387d331dd4b634f24374626547dd268e8e6795d5","10984","45x55x29","true"
"Kapal 1.litematic","Kapal_1","ad89a56f6b02e314f5c41260014c9226b29e8073a8c4a6ff89998b913cf2efda","312","5x24x20","true"
"Kapal 2.litematic","Kapal_2","96c08231076b508d43da450c99d8cd6d103d35959cdb2da521d4047595933ff6","261","5x17x16","true"
"Kapal 3.litematic","Kapal_3","0a9acea8af69c6b1d38006bc342ebb61960c53edb8016f5c82b2e3b0e7a67a59","268","5x20x16","true"
"Kapal 4.litematic","Kapal_4","efe51420b13c70c1f6c4a06cc0ecc5c3b7a329e20aa7cef817953b79c09a938e","415","7x20x21","true"
"Kapal 5.litematic","Kapal_5","d0436be199444cf0b2d7360fd4e6ecf3b77ba4755e585c12f191ceca6f6997ba","440","7x22x19","true"
"Kapal 6.litematic","Kapal_6","bf062a516b580feee9570d14c4a1353e931da17870f4fb7cf12ff497b701d6e1","1206","11x30x31","true"
"Kapal 7.litematic","Kapal_7","611f4b543b25da060ef1e79c6f67a0a79909795df00d5bc7f2cf84d77f9b747a","1095","11x30x29","true"
"Kapal 8.litematic","Kapal_8","4c3d040e53786e6c6b3284ade88836552922be1f8683f13ca83d084ee97a2afa","444","7x22x20","true"
"Lighthouse #1.litematic","Lighthouse_1","21e4826957f7dac8fc94e2da42cf91b7857cd3a9086755743eb5b8fd300a5677","2072","17x48x17","true"
"Medieval Castle #1.litematic","Medieval_Castle_1","85dcdc911fd578a43addff1d8b25a49fc9acb6147fa7246ca3ad0b58dd5c9c05","25186","84x80x67","true"
"Medieval Era [TIER 1].litematic","Medieval_Era_TIER_1_","21f9c6d3f1ff054c699d424c6330cf562b3f17759451062b3dd8f796784eb01e","1649","21x20x17","true"
"Medieval House [TIER 1].litematic","Medieval_House_TIER_1_","e1f5c8fbe538206346a3634d715c01edbf7674e8aad50c7a760b1ecf06963400","3191","37x27x20","true"
"Monolith Sanctuary [tier 1].litematic","Monolith_Sanctuary_tier_1_","37441cffc4295bce66278d296b3cfb51386903f9621d4add3022f44d3306ebc5","2469","24x23x22","true"
"Old Town Café [TIER 1].litematic","Old_Town_Caf_TIER_1_","33c159f9374a040a8cb1691d683a0c085c5d093b5289744f4504183800ab47fd","2475","28x21x17","true"
"Pine 1.litematic","Pine_1","ba38ad62bed5afff87a94e5febb6f59a5d3b23a723bfff2dd71cd6311fb7f777","186","11x27x9","true"
"Pine 2.litematic","Pine_2","1f5fca30434e6d826ba340896cee93796ef1cd24e155df07a25ab2016e02b788","203","9x35x8","true"
"Pine 3.litematic","Pine_3","0bd5bbdafe4f997085791f9790cff6eb1f2354e990e47695610ba0fbdccb0238","146","9x29x9","true"
"Pine 4.litematic","Pine_4","a2afc22935bec0e86f482765b8c593464804425d316b984cd92bf8483207fcb3","130","9x28x8","true"
"Pine 5.litematic","Pine_5","c9476427ff4814fadaa00f87a2f2809d17d745cf042b81bce4420839f551ebbe","166","10x26x8","true"
"Pinecrest Watchtower.litematic","Pinecrest_Watchtower","cfc85b228d6a267d652db84015188d4ad0cd25f2610351a15ed64cc306c78b6b","19666","114x108x73","true"
"portal 2.0.litematic","portal_2.0","9d10e348ee56f0e82a3bce0f38b69af665437f401cf1eaffcab2f7b65806fb32","3645","10x45x38","true"
"Ravenhill Chapel.litematic","Ravenhill_Chapel","aab42f15e84b35901c9a132cdb9f67c0ba9e7564e528a2651c895793de23a0a1","3459","38x48x16","true"
"Red House Vol.1 [TIER 1].litematic","Red_House_Vol.1_TIER_1_","ac1bd84f56cc3444080e0e028b4ca705e669de8682aac08debbecdee9764c1c2","1886","31x13x27","true"
"Red House Vol.2 [TIER 1].litematic","Red_House_Vol.2_TIER_1_","2289e8d723fc9aa118867c180807f5cb7c3de1ef8a044461094f5d3094769079","1226","19x27x17","true"
"rumah atap tinggi.litematic","rumah_atap_tinggi","e99ded631940c2e2d5a69287ed24f1e5f25206d8e0e065446782743fd08c6333","3527","27x54x24","true"
"rumah hc.litematic","rumah_hc","597c49a9ce5e927c4115a8ab186c6eb12c85601a1eefcefa7cb0f07cf0fa6081","1805","17x28x21","true"
"Rustic House [TIER 1].litematic","Rustic_House_TIER_1_","0dd21e07bdb14ceb780af843f5330575fb65f6679f687ee8eae94ee9db51c421","978","14x16x19","true"
"Rustic Medieval Windmill [TIER 1].litematic","Rustic_Medieval_Windmill_TIER_1_","10f098369725f3fb3a25eca32250a8c0d9550e338c8fe4bbdd597bbe66cf9377","3530","36x32x36","true"
"Sandy Crest [TIER 2].litematic","Sandy_Crest_TIER_2_","20cb7ac7d49fffc4aba5fa278085b2b1494abb6943b471de22cdd50f776e78c1","16130","56x44x50","true"
"Starter Base Vol.3 [TIER].litematic","Starter_Base_Vol.3_TIER_","74597f6b33434cbe82c2971381ce0b704993bddc08812e8a629dc72a0265e92e","1087","19x19x17","true"
"starter house.litematic","starter_house","fa9a17401d34d52d54757c866efcf9a166856ff08ece7d123ca35ce1a8b438d1","477","15x12x12","true"
"The Blacksmith’s Home [TIER 1].litematic","The_Blacksmith_s_Home_TIER_1_","5a296225d5250212c0bcd01d1a9db4447c76e1b6c825ae934f32a66aae973a9b","3784","33x57x30","true"
"Verdant Spire [TIER 2].litematic","Verdant_Spire_TIER_2_","dbf772e9a7b8be75f1d33bae704720f3b2506cd72391b5a86a04f8f22e8edf82","7835","38x33x43","true"
"Whimsy Bakehouse [TIER 2].litematic","Whimsy_Bakehouse_TIER_2_","b398a1915555fb147104fcc686a3e60c7fad61811c9829c5b4b19c5d4e108c74","9335","63x31x37","true"
"White Harvest Barn [TIER 1].litematic","White_Harvest_Barn_TIER_1_","4473e5713c26252d1901897fd5af7cb01b20ba7f95fd08427115fa3f1412ef3c","2205","22x24x24","true"
"Zyrel House [TIER 2].litematic","Zyrel_House_TIER_2_","358701c9337f02b955e8ed31cb4093fc8dfe904ddf880196adc6881b5804a3ff","5367","42x26x23","true"
